{
    "Country": 2.259929877273565e-05,
    "Age": 0.037972735347533246,
    "Gender": 3.7723506634626265e-05,
    "Cancer_Stage": 0.8525078858582109,
    "Tumor_Size_mm": 0.10886917513333653,
    "Family_History": 0.0,
    "Smoking_History": 8.584367853015209e-06,
    "Alcohol_Consumption": 4.90588729674169e-06,
    "Obesity_BMI": 4.321619507110449e-06,
    "Diet_Risk": 9.67734671082141e-06,
    "Physical_Activity": 1.584551806085375e-05,
    "Diabetes": 7.4716392714886165e-06,
    "Inflammatory_Bowel_Disease": 8.461530487697657e-06,
    "Genetic_Mutation": 1.1908115476762318e-05,
    "Screening_History": 1.964354652536808e-06,
    "Early_Detection": 1.529158998512732e-05,
    "Treatment_Type": 2.4426371577576687e-05,
    "Healthcare_Costs": 0.0002941996346626044,
    "Incidence_Rate_per_100K": 5.983504570728376e-05,
    "Mortality_Rate_per_100K": 7.445437595815026e-05,
    "Urban_or_Rural": 3.695199862045274e-06,
    "Economic_Classification": 1.5922035901967405e-05,
    "Healthcare_Access": 2.186794994034034e-05,
    "Insurance_Status": 7.0482725998346165e-06
}