{
    "accuracy": 0.9386567164179105,
    "precision": 0.9274555713353548,
    "recall": 0.9932176915488327,
    "f1_score": 0.9592108136003652,
    "roc_auc": 0.9861429185095452
}