,Metric,Yes,No
0,Precision,0.9277655846906164,0.9788816575906495
1,Recall,0.9934443803084028,0.7971014492753623
2,F1 Score,0.9594823295171727,0.8786885245901639
